{
  "1000FLOKI/USDT:USDT": 1777415530.1096206,
  "WIF/USDT:USDT": 1777415436.23783
}